INSERT INTO classifications (classifications_taxon, classifications_supertaxon)
VALUES ("Arachnida", "Arthropoda"),
       ("Araneae", "Arachnida"),
       ("Salticidae", "Araneae"),
       ("Maratus", "Salticidae"),
       
       ("Diplopoda", "Arthropoda"),
       ("Polydesmida", "Diplopoda"),
       ("Xystodesmidae", "Polydesmida"),
       ("Nannaria", "Xystodesmidae"),
       
       ("Insecta", "Arthropoda"),
       ("Coleoptera", "Insecta"),
       ("Coccinellidae", "Coleoptera"),
       ("Anatis", "Coccinellidae"),
       
       ("Mantodea", "Insecta"),
       ("Coptopterygidae", "Mantodea"),
       ("Brunneria", "Coptopterygidae"),
       
       ("Blattodea", "Insecta"),
       ("Cryptocercidae", "Blattodea"),
       ("Cryptocercus", "Cryptocercidae"),
       
       ("Scarabaeidae", "Coleoptera"),
       ("Cotinis", "Scarabaeidae"),
       
       ("Chilopoda", "Arthropoda"),
       ("Scutigeromorpha", "Chilopoda"),
       ("Scutigeridae", "Scutigeromorpha"),
       ("Scutigera", "Scutigeridae"),
       
       ("Theridiidae", "Araneae"),
       ("Latrodectus", "Theridiidae"),

       ("Scorpiones", "Arachnida"),
       ("Scorpionidae", "Scorpiones"),
       ("Pandinus", "Scorpionidae"),
       
       ("Odonata", "Insecta"),
       ("Austrocorduliidae", "Odonata"),
       ("Apocordulia", "Austrocorduliidae"),
       
       ("Hymenoptera", "Insecta"),
       ("Formicidae", "Hymenoptera"),
       ("Solenopsis", "Formicidae"),

       ("Diptera", "Insecta"),
       ("Muscidae", "Diptera"),
       ("Musca", "Muscidae"),
       
       ("Theraphosidae", "Araneae"),
       ("Theraphosa", "Theraphosidae"),
       
       ("Apidae", "Hymenoptera"),
       ("Xylocopa", "Apidae"),
       
       ("Lampyridae", "Coleoptera"),
       ("Photinus", "Lampyridae"),
       
       ("Bodae", "Insecta"),
       ("Moutha", "Bodae"),
       ("Toothae", "Moutha");
-- INSERT INTO species (species_binomial_name, classifications_taxon, species_photo, species_barcode)
-- VALUES ("Maratus volans", "Maratus", "images/MalePeacockSpider.jpg", "images/Peacock_spider_info.png"),
       -- ("Nannaria swiftae", "Nannaria", "images/nannaria_swiftae.jpeg", "images/nannaria_swiftae_barcode.png"),
       -- ("Anatis ocellata", "Anatis", "images/Anatis_ocellata.jpg", "images/Peacock_spider_info.png"),
       -- ("Brunneria borealis", "Brunneria", "images/Brunneria_borealis.jpg", "images/Peacock_spider_info.png"),
       -- ("Cryptocercus darwini", "Cryptocercus", "images/Cryptocercus_darwini.jpg", "images/Peacock_spider_info.png"),
       -- ("Cotinis nitida", "Cotinis", "images/Green_june_beetle.jpg", "images/Peacock_spider_info.png"),
       -- ("Scutigera coleoptrata", "Scutigera", "images/Scutigera_coleoptrata.jpg", "images/Peacock_spider_info.png"),
       -- ("Latrodectus tredecimguttatus", "Latrodectus", "images/Latrodectus_hesperus.jpg", "images/Peacock_spider_info.png"),
       -- ("Pandinus imperator", "Pandinus", "images/Female_Emperor_Scorpion.jpg", "images/Peacock_spider_info.png"),
       -- ("Apocordulia macrops", "Apocordulia", "images/Nighthawk_dragonfly.jpg", "images/Peacock_spider_info.png"),
       -- ("Solenopsis invicta", "Solenopsis", "images/Fire_ants.jpg", "images/Peacock_spider_info.png"),
       -- ("Musca domestica", "Musca", "images/Common_house_fly,_Musca_domestica.jpg", "images/Peacock_spider_info.png"),
       -- ("Theraphosa blondi", "Theraphosa", "images/Theraphosa_blondi.jpg", "images/Peacock_spider_info.png"),
       -- ("Xylocopa violacea", "Xylocopa", "images/Xylocopa_violacea.jpg", "images/Peacock_spider_info.png"),
       -- ("Photinus pyralis", "Photinus", "images/Photinus_pyralis_Firefly.jpg", "images/Peacock_spider_info.png"),
       -- ("Toothae fairae", "Toothae", "images/toothae_fairae.jpg", "images/Peacock_spider_info.png");

INSERT INTO species (species_common_name, species_binomial_name, classifications_taxon, species_photo, species_barcode)
VALUES ("Peacock Spider", "Maratus volans", "Maratus", "images/MalePeacockSpider.jpg", "images/Peacock_spider_info.png"),
       ("Taylor Swift Millipede","Nannaria swiftae", "Nannaria", "images/nannaria_swiftae.jpeg", "images/nannaria_swiftae_barcode.png"),
       ("Eyed Ladybug", "Anatis ocellata", "Anatis", "images/Anatis_ocellata.jpg", "images/Peacock_spider_info.png"),
       ("Praying Mantis", "Brunneria borealis", "Brunneria", "images/Brunneria_borealis.jpg", "images/Peacock_spider_info.png"),
       ("Cockroach", "Cryptocercus darwini", "Cryptocercus", "images/Cryptocercus_darwini.jpg", "images/Peacock_spider_info.png"),
       ("Green June Beetle", "Cotinis nitida", "Cotinis", "images/Green_june_beetle.jpg", "images/Peacock_spider_info.png"),
       ("House Centipede", "Scutigera coleoptrata", "Scutigera", "images/Scutigera_coleoptrata.jpg", "images/Peacock_spider_info.png"),
       ("Black widow Spider", "Latrodectus tredecimguttatus", "Latrodectus", "images/Latrodectus_hesperus.jpg", "images/Peacock_spider_info.png"),
       ("Emporer Scorpion", "Pandinus imperator", "Pandinus", "images/Female_Emperor_Scorpion.jpg", "images/Peacock_spider_info.png"),
       ("Mighthawk Dradonfly", "Apocordulia macrops", "Apocordulia", "images/Nighthawk_dragonfly.jpg", "images/Peacock_spider_info.png"),
       ("Fire Ant", "Solenopsis invicta", "Solenopsis", "images/Fire_ants.jpg", "images/Peacock_spider_info.png"),
       ("House Fly", "Musca domestica", "Musca", "images/Common_house_fly,_Musca_domestica.jpg", "images/Peacock_spider_info.png"),
       ("Goliath Birdeather", "Theraphosa blondi", "Theraphosa", "images/Theraphosa_blondi.jpg", "images/Peacock_spider_info.png"),
       ("Violet Carpenter Bee", "Xylocopa violacea", "Xylocopa", "images/Xylocopa_violacea.jpg", "images/Peacock_spider_info.png"),
       ("Common Eastern Firefly", "Photinus pyralis", "Photinus", "images/Photinus_pyralis_Firefly.jpg", "images/Peacock_spider_info.png"),
       ("Tooth Fairy", "Toothae fairae", "Toothae", "images/toothae_fairae.jpg", "images/Peacock_spider_info.png");

INSERT INTO tags(tags_tag)
VALUES ("small"),
       ("popular"),
       ("millipede"),
       ("country"),
       ("pest"),
       ("common"),
       ("flourescent"),
       ("arachnid"),
       ("winged"),
       ("large"),
       ("imaginary"),
       ("centipede");

INSERT INTO species_tags (species_binomial_name, classifications_taxon, tags_tag)
VALUES ("Maratus volans", "Maratus", "small"), 
       ("Maratus volans", "Maratus", "flourescent"), 
       ("Nannaria swiftae", "Nannaria", "popular"),
       ("Nannaria swiftae", "Nannaria", "millipede"),
       ("Nannaria swiftae", "Nannaria", "country"),
       ("Anatis ocellata", "Anatis",  "common"),
       ("Anatis ocellata", "Anatis",  "pest"),
       ("Anatis ocellata", "Anatis",  "winged"),
       ("Apocordulia macrops", "Apocordulia", "small"),
       ("Apocordulia macrops", "Apocordulia", "winged"),
       ("Apocordulia macrops", "Apocordulia", "common"),
       ("Apocordulia macrops", "Apocordulia", "popular"), 
       ("Brunneria borealis", "Brunneria", "popular"),
       ("Cotinis nitida", "Cotinis", "common"),
       ("Cotinis nitida", "Cotinis", "winged"),
       ("Cryptocercus darwini", "Cryptocercus", "common"),
       ("Cryptocercus darwini", "Cryptocercus", "winged"),
       ("Latrodectus tredecimguttatus", "Latrodectus", "arachnid"),
       ("Latrodectus tredecimguttatus", "Latrodectus", "large"),
       ("Latrodectus tredecimguttatus", "Latrodectus", "pest"),
       ("Musca domestica", "Musca", "common"),
       ("Musca domestica", "Musca", "pest"),
       ("Musca domestica", "Musca", "winged"),
       ("Musca domestica", "Musca", "small"),
       ("Pandinus imperator", "Pandinus", "large"),
       ("Photinus pyralis", "Photinus", "common"),
       ("Photinus pyralis", "Photinus", "popular"),
       ("Photinus pyralis", "Photinus", "flourescent"),
       ("Scutigera coleoptrata", "Scutigera", "pest"),
       ("Scutigera coleoptrata", "Scutigera", "common"),
       ("Scutigera coleoptrata", "Scutigera", "country"),
       ("Scutigera coleoptrata", "Scutigera", "centipede"),
       ("Solenopsis invicta", "Solenopsis", "common"),
       ("Solenopsis invicta", "Solenopsis", "small"),
       ("Theraphosa blondi", "Theraphosa", "large"),
       ("Theraphosa blondi", "Theraphosa", "arachnid"),
       ("Toothae fairae", "Toothae", "imaginary"),
       ("Toothae fairae", "Toothae", "small"),
       ("Toothae fairae", "Toothae", "winged"),
       ("Toothae fairae", "Toothae", "popular"),
       ("Xylocopa violacea", "Xylocopa", "winged"),
       ("Xylocopa violacea", "Xylocopa", "common");

INSERT INTO samples (species_binomial_name, classifications_taxon, sample_length,sample_north_coordinate, sample_west_coordinate)
VALUES ("Maratus volans", "Maratus",1.5, 32.53, 12.34),
       ("Maratus volans", "Maratus",1.6, 32.54, 12.34),
       ("Maratus volans", "Maratus",1.4, 32.54, 12.34),
       ("Maratus volans", "Maratus",1.3, 32.54, 12.34),
       ("Maratus volans", "Maratus",1.55, 32.54, 12.34),
       ("Maratus volans", "Maratus",1.64, 32.54, 12.34),
       ("Maratus volans", "Maratus",1.47, 32.54, 12.34),
       ("Maratus volans", "Maratus",1.38, 32.54, 12.34),
       ("Nannaria swiftae", "Nannaria", 3.2, 32.54, 12.34),
       ("Nannaria swiftae", "Nannaria", 4.1, 32.54, 12.34),
       ("Nannaria swiftae", "Nannaria", 2.0, 32.54, 12.34),
       ("Nannaria swiftae", "Nannaria", 2.0, 32.54, 12.34),
       ("Nannaria swiftae", "Nannaria", 2.0, 32.54, 12.34),
       ("Nannaria swiftae", "Nannaria", 3.5, 32.54, 12.34),
       ("Anatis ocellata", "Anatis",  3.2, 32.54, 12.34),
       ("Anatis ocellata", "Anatis",  4.1, 32.54, 12.34),
       ("Anatis ocellata", "Anatis",  2.0, 32.54, 12.34),
       ("Anatis ocellata", "Anatis",  2.0, 32.54, 12.34),
       ("Anatis ocellata", "Anatis",  2.0, 32.54, 12.34),
       ("Anatis ocellata", "Anatis", 3.5, 32.54, 12.34),
       ("Brunneria borealis", "Brunneria", 3.2, 32.54, 12.34),
       ("Brunneria borealis", "Brunneria", 4.1, 32.54, 12.34),
       ("Brunneria borealis", "Brunneria", 2.0, 32.54, 12.34),
       ("Brunneria borealis", "Brunneria", 2.0, 32.54, 12.34),
       ("Brunneria borealis", "Brunneria", 2.0, 32.54, 12.34),
       ("Brunneria borealis", "Brunneria", 3.5, 32.54, 12.34),
       ("Cryptocercus darwini", "Cryptocercus", 3.2, 32.54, 12.34),
       ("Cryptocercus darwini", "Cryptocercus", 4.1, 32.54, 12.34),
       ("Cryptocercus darwini", "Cryptocercus", 2.0, 32.54, 12.34),
       ("Cryptocercus darwini", "Cryptocercus", 2.0, 32.54, 12.34),
       ("Cryptocercus darwini", "Cryptocercus", 2.0, 32.54, 12.34),
       ("Cryptocercus darwini", "Cryptocercus", 3.5, 32.54, 12.34),
       ("Cotinis nitida", "Cotinis",  3.2, 32.54, 12.34),
       ("Cotinis nitida", "Cotinis", 4.1, 32.54, 12.34),
       ("Cotinis nitida", "Cotinis", 2.0, 32.54, 12.34),
       ("Cotinis nitida", "Cotinis", 2.0, 32.54, 12.34),
       ("Cotinis nitida", "Cotinis", 2.0, 32.54, 12.34),
       ("Cotinis nitida", "Cotinis", 3.5, 32.54, 12.34),
       ("Scutigera coleoptrata", "Scutigera", 3.2, 32.54, 12.34),
       ("Scutigera coleoptrata", "Scutigera", 4.1, 32.54, 12.34),
       ("Scutigera coleoptrata", "Scutigera", 2.0, 32.54, 12.34),
       ("Scutigera coleoptrata", "Scutigera", 2.0, 32.54, 12.34),
       ("Scutigera coleoptrata", "Scutigera", 2.0, 32.54, 12.34),
       ("Scutigera coleoptrata", "Scutigera", 3.5, 32.54, 12.34),
       ("Latrodectus tredecimguttatus", "Latrodectus", 3.2, 32.54, 12.34),
       ("Latrodectus tredecimguttatus", "Latrodectus", 4.1, 32.54, 12.34),
       ("Latrodectus tredecimguttatus", "Latrodectus", 2.0, 32.54, 12.34),
       ("Latrodectus tredecimguttatus", "Latrodectus", 2.0, 32.54, 12.34),
       ("Latrodectus tredecimguttatus", "Latrodectus", 2.0, 32.54, 12.34),
       ("Latrodectus tredecimguttatus", "Latrodectus", 3.5, 32.54, 12.34),
       ("Pandinus imperator", "Pandinus",  3.2, 32.54, 12.34),
       ("Pandinus imperator", "Pandinus",  4.1, 32.54, 12.34),
       ("Pandinus imperator", "Pandinus",  2.0, 32.54, 12.34),
       ("Pandinus imperator", "Pandinus",  2.0, 32.54, 12.34),
       ("Pandinus imperator", "Pandinus",  2.0, 32.54, 12.34),
       ("Pandinus imperator", "Pandinus",  3.5, 32.54, 12.34);
       -- ( 3.2, 32.54, 12.34),
       -- ( 4.1, 32.54, 12.34),
       -- ( 2.0, 32.54, 12.34),
       -- ( 2.0, 32.54, 12.34),
       -- ( 2.0, 32.54, 12.34),
       -- ( 3.5, 32.54, 12.34),

INSERT INTO enthusiasts(enthusiast_first_name, enthusiast_last_name, enthusiast_street_address, enthusiast_city, enthusiast_region, enthusiast_zipcode, enthusiast_country, enthusiast_email_address, enthusiast_phone_number)
VALUES ("Megan","Ewing","137 St. Mildreds Court","Danville","KY","40422","United States","megan.ewing@centre.edu","8593613685"),
       ("Odile", "Clements", "15 Silver Avenue", "Fort Mitchell", "KY", "41017", "United States", "odile@gmail.com", "8952408923");

